dataset,method,classifier,seed,n_selected,n_total,reduction_ratio,accuracy,precision,recall,f1_score,f1_macro,roc_auc,fit_time,clf_time
nsl_kdd,NoSelection,LogisticRegression,42,121,121,0.0,0.7548793470546487,0.8027811869367356,0.7548793470546487,0.7530102957704772,0.7544432962884495,0.7912180283391927,6.604194641113281e-05,7.01378607749939
nsl_kdd,NoSelection,LinearSVM,42,121,121,0.0,0.7530606813342796,0.8014116460512165,0.7530606813342796,0.7511112084119326,0.7525960228699876,,6.604194641113281e-05,3.987912178039551
nsl_kdd,NoSelection,DecisionTree,42,121,121,0.0,0.7746628814762243,0.8309610069620728,0.7746628814762243,0.7722973755676863,0.7739966644416982,0.7386489575217996,6.604194641113281e-05,1.4446942806243896
nsl_kdd,NoSelection,RandomForest,42,121,121,0.0,0.7650816181689141,0.8318896743594035,0.7650816181689141,0.7614104953720944,0.7638102536157441,0.9573860160605178,6.604194641113281e-05,16.477478742599487
nsl_kdd,NoSelection,ExtraTrees,42,121,121,0.0,0.7874822569198012,0.8425059072178196,0.7874822569198012,0.7854793956059668,0.786951713247076,0.9526928041164212,6.604194641113281e-05,25.138427019119263
nsl_kdd,NoSelection,GradientBoosting,42,121,121,0.0,0.8071770759403832,0.8538065826632008,0.8071770759403832,0.8061316975881068,0.8069818333567462,0.944467241517204,6.604194641113281e-05,44.4187536239624
nsl_kdd,NoSelection,HistGradientBoosting,42,121,121,0.0,0.8006121362668559,0.8494181001793437,0.8006121362668559,0.7993254105298716,0.8003421550884302,0.9609757204916148,6.604194641113281e-05,11.851239681243896
nsl_kdd,NoSelection,XGBoost,42,121,121,0.0,0.7919623846699787,0.8446884176203463,0.7919623846699787,0.7902337051037197,0.7915373132210773,0.9688828823697606,6.604194641113281e-05,2.889956474304199
nsl_kdd,NoSelection,LightGBM,42,121,121,0.0,0.787304826117814,0.8425679790355741,0.787304826117814,0.7852776223358725,0.7867643336835872,0.9581679612731898,6.604194641113281e-05,7.576220273971558
nsl_kdd,NoSelection,CatBoost,42,121,121,0.0,0.8015436479772888,0.8496304797961536,0.8015436479772888,0.8003243149782533,0.80129592233481,0.9598202876502704,6.604194641113281e-05,5.063401699066162
nsl_kdd,NoSelection,KNN,42,121,121,0.0,0.7802519517388219,0.8389004122818131,0.7802519517388219,0.7777780258522099,0.7795278211893197,0.8274175651710414,6.604194641113281e-05,63.41200828552246
nsl_kdd,NoSelection,MLP,42,121,121,0.0,0.7897001419446416,0.8335523977176829,0.7897001419446416,0.7886866079233341,0.7895257098099748,0.895315492830465,6.604194641113281e-05,117.18775010108948
nsl_kdd,MutualInfo,LogisticRegression,42,20,121,0.8347107438016529,0.7150461320085166,0.7787562838824719,0.7150461320085166,0.7100774802565746,0.7132342020249025,0.887058434803377,85.91437005996704,2.5590994358062744
nsl_kdd,MutualInfo,LinearSVM,42,20,121,0.8347107438016529,0.7149130589070263,0.7789916734050116,0.7149130589070263,0.709884638658992,0.7130696108672214,,85.91437005996704,0.5830776691436768
nsl_kdd,MutualInfo,DecisionTree,42,20,121,0.8347107438016529,0.7645493257629524,0.8287599636369952,0.7645493257629524,0.761137614220734,0.7634106324526602,0.8028988841173919,85.91437005996704,0.4569160938262939
nsl_kdd,MutualInfo,RandomForest,42,20,121,0.8347107438016529,0.7697835344215755,0.8350415815214749,0.7697835344215755,0.7664074574134007,0.7686500345239373,0.936542189433596,85.91437005996704,5.718275308609009
nsl_kdd,MutualInfo,ExtraTrees,42,20,121,0.8347107438016529,0.7645493257629524,0.8287599636369952,0.7645493257629524,0.761137614220734,0.7634106324526602,0.9169437762799756,85.91437005996704,4.911536693572998
nsl_kdd,MutualInfo,GradientBoosting,42,20,121,0.8347107438016529,0.7842885024840313,0.8412231558362008,0.7842885024840313,0.7820549345922876,0.783664258145951,0.9392640644317656,85.91437005996704,18.50369167327881
nsl_kdd,MutualInfo,HistGradientBoosting,42,20,121,0.8347107438016529,0.7837562100780695,0.8406373056660507,0.7837562100780695,0.7815171306060872,0.7831304253468048,0.961126589609351,85.91437005996704,2.868878126144409
nsl_kdd,MutualInfo,XGBoost,42,20,121,0.8347107438016529,0.7705819730305181,0.8344829104154367,0.7705819730305181,0.7673654940662306,0.7695259603585081,0.9616128509305832,85.91437005996704,0.5640223026275635
nsl_kdd,MutualInfo,LightGBM,42,20,121,0.8347107438016529,0.7771469127040455,0.8379749829018636,0.7771469127040455,0.7743968127348511,0.7763013850737651,0.957532475818352,85.91437005996704,1.7375919818878174
nsl_kdd,MutualInfo,CatBoost,42,20,121,0.8347107438016529,0.7768807665010646,0.8378957033433517,0.7768807665010646,0.7741064533411565,0.7760243908268147,0.9588862817094064,85.91437005996704,0.9525492191314696
nsl_kdd,MutualInfo,KNN,42,20,121,0.8347107438016529,0.7338094393186657,0.7960602544827232,0.7338094393186657,0.7297074827390823,0.7323984490012087,0.7779089311588826,85.91437005996704,35.28802752494812
nsl_kdd,MutualInfo,MLP,42,20,121,0.8347107438016529,0.7517743080198722,0.8002606432493253,0.7517743080198722,0.7497872137001885,0.7512966318184495,0.8901020767218513,85.91437005996704,156.8048493862152
nsl_kdd,ChiSquare,LogisticRegression,42,20,121,0.8347107438016529,0.7663236337828248,0.8034853115597309,0.7663236337828248,0.7656828996159649,0.76625151020975,0.913357714886905,0.7383925914764404,2.5922319889068604
nsl_kdd,ChiSquare,LinearSVM,42,20,121,0.8347107438016529,0.7840667139815471,0.8107779017708932,0.7840667139815471,0.7843516120245579,0.7840438432735961,,0.7383925914764404,0.4770762920379638
nsl_kdd,ChiSquare,DecisionTree,42,20,121,0.8347107438016529,0.8078424414478353,0.850906504862573,0.8078424414478353,0.8070623681859599,0.8077237991266375,0.8478862792459422,0.7383925914764404,0.2503335475921631
nsl_kdd,ChiSquare,RandomForest,42,20,121,0.8347107438016529,0.774485450674237,0.8342117390863402,0.774485450674237,0.7717813025341153,0.7736665974187646,0.9452385986490924,0.7383925914764404,4.55352520942688
nsl_kdd,ChiSquare,ExtraTrees,42,20,121,0.8347107438016529,0.794180269694819,0.8439942810894704,0.794180269694819,0.7927279985128312,0.7938575427654884,0.9380916481323096,0.7383925914764404,5.098033428192139
nsl_kdd,ChiSquare,GradientBoosting,42,20,121,0.8347107438016529,0.7810503903477644,0.8371686794445916,0.7810503903477644,0.7788288486085986,0.7804365568398632,0.953498782146029,0.7383925914764404,12.07150411605835
nsl_kdd,ChiSquare,HistGradientBoosting,42,20,121,0.8347107438016529,0.7733321504613201,0.8328251603988387,0.7733321504613201,0.7706246693164103,0.7725139755601313,0.961381995462524,0.7383925914764404,3.509263277053833
nsl_kdd,ChiSquare,XGBoost,42,20,121,0.8347107438016529,0.7844215755855216,0.838319340464956,0.7844215755855216,0.7824650717954439,0.7839145746033753,0.9460068182746632,0.7383925914764404,0.7484030723571777
nsl_kdd,ChiSquare,LightGBM,42,20,121,0.8347107438016529,0.769916607523066,0.8312456023237447,0.769916607523066,0.7669441375630892,0.7689805762760686,0.960482482030374,0.7383925914764404,2.3041563034057617
nsl_kdd,ChiSquare,CatBoost,42,20,121,0.8347107438016529,0.7674325762952449,0.8292283974086218,0.7674325762952449,0.7643500737252404,0.7664489991393197,0.9547729948780892,0.7383925914764404,0.9790818691253662
nsl_kdd,ChiSquare,KNN,42,20,121,0.8347107438016529,0.8084634492547906,0.849793020461088,0.8084634492547906,0.8078115633621141,0.8083765793967993,0.854783011627799,0.7383925914764404,34.68645763397217
nsl_kdd,ChiSquare,MLP,42,20,121,0.8347107438016529,0.8058907026259758,0.8322886130953333,0.8058907026259758,0.8062044264528886,0.8058585769516098,0.8844186284647106,0.7383925914764404,333.6350381374359
nsl_kdd,L1Logistic,LogisticRegression,42,61,121,0.4958677685950413,0.7548349893541518,0.8027554249829659,0.7548349893541518,0.7529631654819647,0.7543979393903782,0.79526187276725,16.524017095565796,5.332691431045532
nsl_kdd,L1Logistic,LinearSVM,42,61,121,0.4958677685950413,0.7515081618168914,0.8002408442960085,0.7515081618168914,0.7494888028524929,0.7510182639604144,,16.524017095565796,3.1275618076324463
nsl_kdd,L1Logistic,DecisionTree,42,61,121,0.4958677685950413,0.7708037615330021,0.8280129126913014,0.7708037615330021,0.7682674444870273,0.7700683045774375,0.7205953088438849,16.524017095565796,1.055696964263916
nsl_kdd,L1Logistic,RandomForest,42,61,121,0.4958677685950413,0.7760379701916252,0.8369849285597208,0.7760379701916252,0.7732505473718365,0.7751771212136298,0.9598289699567562,16.524017095565796,8.787191152572632
nsl_kdd,L1Logistic,ExtraTrees,42,61,121,0.4958677685950413,0.7829134137686302,0.8391651849577565,0.7829134137686302,0.780715510745337,0.7823068496225916,0.9519491469124336,16.524017095565796,6.662010192871094
nsl_kdd,L1Logistic,GradientBoosting,42,61,121,0.4958677685950413,0.8096167494677076,0.8550830346842362,0.8096167494677076,0.8086809029370648,0.8094534341027619,0.9447475187280038,16.524017095565796,27.363874197006226
nsl_kdd,L1Logistic,HistGradientBoosting,42,61,121,0.4958677685950413,0.7875709723207949,0.8423983984384289,0.7875709723207949,0.7855869982779347,0.7870481841618246,0.9572932108704436,16.524017095565796,7.16790246963501
nsl_kdd,L1Logistic,XGBoost,42,61,121,0.4958677685950413,0.7945351312987935,0.846091228691243,0.7945351312987935,0.792943919609998,0.7941603160087295,0.9641907216106452,16.524017095565796,1.2731375694274902
nsl_kdd,L1Logistic,LightGBM,42,61,121,0.4958677685950413,0.7864176721078779,0.8419038929180404,0.7864176721078779,0.7843545800414748,0.7858633580764504,0.9591568454895214,16.524017095565796,2.335824966430664
nsl_kdd,L1Logistic,CatBoost,42,61,121,0.4958677685950413,0.8042938254080908,0.851398585961574,0.8042938254080908,0.80318146970933,0.8040792914496432,0.966322336181106,16.524017095565796,1.3795149326324463
nsl_kdd,L1Logistic,KNN,42,61,121,0.4958677685950413,0.7781227821149752,0.8375001441607687,0.7781227821149752,0.7755338629818536,0.777350178832102,0.8242082733505919,16.524017095565796,46.55743837356568
nsl_kdd,L1Logistic,MLP,42,61,121,0.4958677685950413,0.810459545777147,0.8545759806269444,0.810459545777147,0.8096277184782531,0.810325639689526,0.9185906461243296,16.524017095565796,165.1381061077118
nsl_kdd,RFImportance,LogisticRegression,42,28,121,0.768595041322314,0.7122959545777147,0.7767469709245,0.7122959545777147,0.7071085119051211,0.7103749895218692,0.8689610094868001,8.983465671539307,1.891695737838745
nsl_kdd,RFImportance,LinearSVM,42,28,121,0.768595041322314,0.7112757274662882,0.776121923550551,0.7112757274662882,0.7059872313907033,0.7093032958108632,,8.983465671539307,0.896540641784668
nsl_kdd,RFImportance,DecisionTree,42,28,121,0.768595041322314,0.7789212207239177,0.8376403456957858,0.7789212207239177,0.7764122606947002,0.7781836250572549,0.802864367535739,8.983465671539307,0.9624426364898682
nsl_kdd,RFImportance,RandomForest,42,28,121,0.768595041322314,0.7669002838892832,0.8325541979187236,0.7669002838892832,0.7634028678674246,0.7657127753817556,0.9531436902545276,8.983465671539307,7.90795373916626
nsl_kdd,RFImportance,ExtraTrees,42,28,121,0.768595041322314,0.7768807665010646,0.8351196832581859,0.7768807665010646,0.774373938066986,0.776147808958009,0.9223121378572452,8.983465671539307,4.591289758682251
nsl_kdd,RFImportance,GradientBoosting,42,28,121,0.768595041322314,0.7863289567068843,0.8427375663063487,0.7863289567068843,0.784181921526343,0.7857389584214998,0.928661291131354,8.983465671539307,22.04611229896545
nsl_kdd,RFImportance,HistGradientBoosting,42,28,121,0.768595041322314,0.8003459900638751,0.8488911400405272,0.8003459900638751,0.7990763518667916,0.800082139852403,0.9580157320344282,8.983465671539307,3.566751480102539
nsl_kdd,RFImportance,XGBoost,42,28,121,0.768595041322314,0.7653921220723917,0.8313040426816724,0.7653921220723917,0.7618245892600325,0.7641728577483702,0.9581694297224382,8.983465671539307,0.6651558876037598
nsl_kdd,RFImportance,LightGBM,42,28,121,0.768595041322314,0.7864620298083748,0.8416700663117458,0.7864620298083748,0.7844245125102066,0.785918436654143,0.9556940696388224,8.983465671539307,2.048879146575928
nsl_kdd,RFImportance,CatBoost,42,28,121,0.768595041322314,0.7767476933995742,0.8371261627760412,0.7767476933995742,0.7740317729490016,0.775918953818507,0.955678045086094,8.983465671539307,1.036719799041748
nsl_kdd,RFImportance,KNN,42,28,121,0.768595041322314,0.7625532292405962,0.8316427701471492,0.7625532292405962,0.7585614091890982,0.7611220137094962,0.8080581521630061,8.983465671539307,38.85526728630066
nsl_kdd,RFImportance,MLP,42,28,121,0.768595041322314,0.7746185237757275,0.8336956954566608,0.7746185237757275,0.7719809567936372,0.7738301560117117,0.913782762737688,8.983465671539307,172.20109629631042
nsl_kdd,PCA,LogisticRegression,42,24,121,0.8016528925619835,0.7601579134137686,0.807360250488798,0.7601579134137686,0.7584492820228529,0.7597759040577793,0.8727232687410654,0.1157269477844238,1.62162446975708
nsl_kdd,PCA,LinearSVM,42,24,121,0.8016528925619835,0.76375088715401,0.8092711593326161,0.76375088715401,0.7622684790661564,0.7634455080718223,,0.1157269477844238,3.02046537399292
nsl_kdd,PCA,DecisionTree,42,24,121,0.8016528925619835,0.7764371894960965,0.8202274380673877,0.7764371894960965,0.7752830569355633,0.7762287792069504,0.7575305588100163,0.1157269477844238,9.886343717575071
nsl_kdd,PCA,RandomForest,42,24,121,0.8016528925619835,0.728708303761533,0.7974788122361719,0.728708303761533,0.723555920096169,0.7267551527539386,0.9206625638194664,0.1157269477844238,62.17839980125427
nsl_kdd,PCA,ExtraTrees,42,24,121,0.8016528925619835,0.7248935415188077,0.7962766540902578,0.7248935415188077,0.719225629069542,0.7226669403621533,0.9179896491660496,0.1157269477844238,6.748025178909302
nsl_kdd,PCA,GradientBoosting,42,24,121,0.8016528925619835,0.7710255500354861,0.8169706666912891,0.7710255500354861,0.7696016347764165,0.7707339484388759,0.9154150243205288,0.1157269477844238,200.4108533859253
nsl_kdd,PCA,HistGradientBoosting,42,24,121,0.8016528925619835,0.7508427963094393,0.807788912338118,0.7508427963094393,0.7478753288611366,0.7499474454734383,0.941512765762934,0.1157269477844238,3.543509006500244
nsl_kdd,PCA,XGBoost,42,24,121,0.8016528925619835,0.7439229950319376,0.8045434129749586,0.7439229950319376,0.7403358990228069,0.742745822358401,0.941949898228844,0.1157269477844238,0.788762092590332
nsl_kdd,PCA,LightGBM,42,24,121,0.8016528925619835,0.748403122782115,0.8060554911138612,0.748403122782115,0.7452924186801158,0.7474457708323201,0.9412630531597164,0.1157269477844238,2.2670223712921143
nsl_kdd,PCA,CatBoost,42,24,121,0.8016528925619835,0.7613999290276792,0.814373918731546,0.7613999290276792,0.759105409768318,0.7607850086259325,0.9295496788537602,0.1157269477844238,1.3145217895507812
nsl_kdd,PCA,KNN,42,24,121,0.8016528925619835,0.7613555713271823,0.829325753217545,0.7613555713271823,0.757447058375033,0.7599713400127265,0.8065920259530672,0.1157269477844238,35.357693672180176
nsl_kdd,PCA,MLP,42,24,121,0.8016528925619835,0.7621540099361249,0.8323890231836573,0.7621540099361249,0.7580258717555147,0.7606517982836046,0.931231787467922,0.1157269477844238,190.05703139305115
nsl_kdd,GA,LogisticRegression,42,10,121,0.9173553719008264,0.7492902767920511,0.7961921624609639,0.7492902767920511,0.7474380504097073,0.7488665708557738,0.8634761589601287,,
nsl_kdd,GA,LinearSVM,42,10,121,0.9173553719008264,0.744277856635912,0.7904823181150371,0.744277856635912,0.7424211914790513,0.7438577487577921,,,
nsl_kdd,GA,DecisionTree,42,10,121,0.9173553719008264,0.7787881476224272,0.8322356385420296,0.7787881476224272,0.7767735423659325,0.7782650286383481,0.8015444964636571,,
nsl_kdd,GA,RandomForest,42,10,121,0.9173553719008264,0.7594481902058198,0.8231039568898925,0.7594481902058198,0.7559535758502253,0.7582803376369955,0.9202762332781044,,
nsl_kdd,GA,ExtraTrees,42,10,121,0.9173553719008264,0.7583836053938964,0.8260923145683072,0.7583836053938964,0.7544106206085393,0.7569738895690445,0.8862878199204256,,
nsl_kdd,GA,GradientBoosting,42,10,121,0.9173553719008264,0.7802519517388219,0.8369615628769983,0.7802519517388219,0.7779596612740332,0.779608631511607,0.9207427547897664,,
nsl_kdd,GA,HistGradientBoosting,42,10,121,0.9173553719008264,0.795111781405252,0.8436800316919609,0.795111781405252,0.7937740619045425,0.7948289647287948,0.9447152569782576,,
nsl_kdd,GA,XGBoost,42,10,121,0.9173553719008264,0.7695617459190915,0.8291939868963036,0.7695617459190915,0.7667530369975308,0.7687038243730843,0.954876668999896,,
nsl_kdd,GA,LightGBM,42,10,121,0.9173553719008264,0.7669002838892832,0.8282024390847712,0.7669002838892832,0.7638554585852797,0.7659359892482472,0.9450832559769516,,
nsl_kdd,GA,CatBoost,42,10,121,0.9173553719008264,0.7773687012065295,0.8354753509156148,0.7773687012065295,0.7748849634645814,0.7766452879209632,0.9593818873429328,,
nsl_kdd,GA,KNN,42,10,121,0.9173553719008264,0.7396202980837473,0.8116668769753296,0.7396202980837473,0.734470956909328,0.7376330818398034,0.7928714420106623,,
nsl_kdd,GA,MLP,42,10,121,0.9173553719008264,0.7420599716110717,0.8091953132952966,0.7420599716110717,0.7376140846134004,0.740447327970561,0.8950320099066883,,
unsw_nb15,NoSelection,LogisticRegression,42,194,194,0.0,0.7341711150652431,0.82216881805683,0.7341711150652431,0.7363021120460819,0.7338588662212382,0.9108550751475268,9.27448272705078e-05,10.485598802566528
unsw_nb15,NoSelection,LinearSVM,42,194,194,0.0,0.7393238434163701,0.8367201843738051,0.7393238434163701,0.7407191782309449,0.739200775053736,,9.27448272705078e-05,6.537916421890259
unsw_nb15,NoSelection,DecisionTree,42,194,194,0.0,0.8050674673784104,0.8481194108946721,0.8050674673784104,0.8085688008573849,0.8023020250056742,0.932149959605981,9.27448272705078e-05,2.633503198623657
unsw_nb15,NoSelection,RandomForest,42,194,194,0.0,0.823064946619217,0.868962444859443,0.823064946619217,0.8262033635603555,0.8207814389523673,0.961960737979958,9.27448272705078e-05,17.65435814857483
unsw_nb15,NoSelection,ExtraTrees,42,194,194,0.0,0.8112952253855279,0.8601966850217464,0.8112952253855279,0.8145799357190506,0.8091249097143718,0.9526442760436956,9.27448272705078e-05,15.905600309371948
unsw_nb15,NoSelection,GradientBoosting,42,194,194,0.0,0.8026949881376038,0.8642530266696536,0.8026949881376038,0.8057493410556997,0.8013207896473304,0.9602873858998584,9.27448272705078e-05,96.13895416259766
unsw_nb15,NoSelection,HistGradientBoosting,42,194,194,0.0,0.8249555160142349,0.8722200253542366,0.8249555160142349,0.8280376162247353,0.822801811590826,0.9728882325915672,9.27448272705078e-05,15.696980476379396
unsw_nb15,NoSelection,XGBoost,42,194,194,0.0,0.8275874851720048,0.8699925003972658,0.8275874851720048,0.830694789666532,0.8250670813760932,0.9682698209729802,9.27448272705078e-05,2.5429420471191406
unsw_nb15,NoSelection,LightGBM,42,194,194,0.0,0.8246404211150652,0.8733315823680525,0.8246404211150652,0.827701553512094,0.8225908302167428,0.9730239191506322,9.27448272705078e-05,3.2883105278015137
unsw_nb15,NoSelection,CatBoost,42,194,194,0.0,0.8190057829181495,0.8657003855926493,0.8190057829181495,0.8222013875500889,0.8167400422034581,0.9661971664769836,9.27448272705078e-05,3.30609393119812
unsw_nb15,NoSelection,KNN,42,194,194,0.0,0.7853833036773428,0.8328936808596593,0.7853833036773428,0.7891422945628978,0.7828256172584093,0.9058517881829398,9.27448272705078e-05,156.60508012771606
unsw_nb15,NoSelection,MLP,42,194,194,0.0,0.8040109727164887,0.8421348202722424,0.8040109727164887,0.8075850359312201,0.8006960791083709,0.9378038453144742,9.27448272705078e-05,1050.5201172828674
unsw_nb15,MutualInfo,LogisticRegression,42,20,194,0.8969072164948454,0.6933755931198102,0.8161916575519806,0.6933755931198102,0.6916507009181945,0.6932583026736159,0.7893924203519289,103.69189143180849,1.9512689113616943
unsw_nb15,MutualInfo,LinearSVM,42,20,194,0.8969072164948454,0.6902802491103203,0.8238149844665587,0.6902802491103203,0.687239506008538,0.6899503041128396,,103.69189143180849,0.9604783058166504
unsw_nb15,MutualInfo,DecisionTree,42,20,194,0.8969072164948454,0.8018238434163701,0.8503223024211339,0.8018238434163701,0.8052788071853791,0.7995245136931111,0.9295084548270428,103.69189143180849,2.338547706604004
unsw_nb15,MutualInfo,RandomForest,42,20,194,0.8969072164948454,0.8143534994068802,0.8558227706229969,0.8143534994068802,0.817709348942871,0.8115590847742491,0.9518097341943436,103.69189143180849,22.440608263015747
unsw_nb15,MutualInfo,ExtraTrees,42,20,194,0.8969072164948454,0.8058088671411625,0.8515983880271798,0.8058088671411625,0.8092511630616066,0.8033134797728531,0.9448142597919852,103.69189143180849,8.685080289840698
unsw_nb15,MutualInfo,GradientBoosting,42,20,194,0.8969072164948454,0.7682940391459074,0.850520404872651,0.7682940391459074,0.7707147402524336,0.7677764931274131,0.9521826120278076,103.69189143180849,57.26289653778076
unsw_nb15,MutualInfo,HistGradientBoosting,42,20,194,0.8969072164948454,0.8045114175563464,0.8584139160441473,0.8045114175563464,0.8077832967728777,0.8026591363189577,0.96031672195368,103.69189143180849,2.766243457794189
unsw_nb15,MutualInfo,XGBoost,42,20,194,0.8969072164948454,0.8134823546856464,0.8587665599697903,0.8134823546856464,0.8167991535918496,0.8110325415702435,0.9593426360122322,103.69189143180849,0.626145601272583
unsw_nb15,MutualInfo,LightGBM,42,20,194,0.8969072164948454,0.8058459371293001,0.8589030832060304,0.8058459371293001,0.8091197491425396,0.8039432240784125,0.9610429856416745,103.69189143180849,1.8478140830993648
unsw_nb15,MutualInfo,CatBoost,42,20,194,0.8969072164948454,0.8012492586002372,0.8577594359560429,0.8012492586002372,0.8044943611755409,0.7995544534758998,0.958149396150026,103.69189143180849,1.0390009880065918
unsw_nb15,MutualInfo,KNN,42,20,194,0.8969072164948454,0.8056049822064056,0.8407572087500327,0.8056049822064056,0.8091609056942939,0.8019533568248147,0.9083966532834034,103.69189143180849,65.08753108978271
unsw_nb15,MutualInfo,MLP,42,20,194,0.8969072164948454,0.7915554567022538,0.8462829253914557,0.7915554567022538,0.7950078594454316,0.7896686355238969,0.9448598565578674,103.69189143180849,434.3706591129303
unsw_nb15,ChiSquare,LogisticRegression,42,20,194,0.8969072164948454,0.7292222716488731,0.8294931989647318,0.7292222716488731,0.7303259674415251,0.729151356330776,0.902269198579902,0.2305173873901367,2.1361937522888184
unsw_nb15,ChiSquare,LinearSVM,42,20,194,0.8969072164948454,0.7330775504151839,0.8398863224788968,0.7330775504151839,0.7336519821996065,0.7330592266438546,,0.2305173873901367,0.5924053192138672
unsw_nb15,ChiSquare,DecisionTree,42,20,194,0.8969072164948454,0.8250481909845789,0.8584943906174228,0.8250481909845789,0.8282467583319976,0.8215659431010753,0.936472092552556,0.2305173873901367,0.9653894901275636
unsw_nb15,ChiSquare,RandomForest,42,20,194,0.8969072164948454,0.8102016607354685,0.8528503377119565,0.8102016607354685,0.8136171073160816,0.8074652192299251,0.9522173246432108,0.2305173873901367,10.981686353683472
unsw_nb15,ChiSquare,ExtraTrees,42,20,194,0.8969072164948454,0.8060868920521945,0.8516883879767042,0.8060868920521945,0.8095278034776546,0.8035776026629986,0.9475555089305584,0.2305173873901367,7.786150932312012
unsw_nb15,ChiSquare,GradientBoosting,42,20,194,0.8969072164948454,0.7654952550415184,0.8496999989132437,0.7654952550415184,0.7678096951295047,0.7650410978700506,0.9534732777323875,0.2305173873901367,21.883990049362183
unsw_nb15,ChiSquare,HistGradientBoosting,42,20,194,0.8969072164948454,0.7940576809015422,0.8536777749200023,0.7940576809015422,0.7973050626701611,0.792523763375361,0.9601716369606568,0.2305173873901367,3.602722644805908
unsw_nb15,ChiSquare,XGBoost,42,20,194,0.8969072164948454,0.8160772538552787,0.860025121530829,0.8160772538552787,0.8193694810334066,0.8135404611980046,0.9609043387535766,0.2305173873901367,0.7877564430236816
unsw_nb15,ChiSquare,LightGBM,42,20,194,0.8969072164948454,0.801267793594306,0.8570525505435489,0.801267793594306,0.8045352348728189,0.7995238643926221,0.9618032275998852,0.2305173873901367,1.7916741371154783
unsw_nb15,ChiSquare,CatBoost,42,20,194,0.8969072164948454,0.7993216192170819,0.8568238279620244,0.7993216192170819,0.8025641627906689,0.7976805902384276,0.9599842264430608,0.2305173873901367,0.926030158996582
unsw_nb15,ChiSquare,KNN,42,20,194,0.8969072164948454,0.803325177935943,0.840424832332735,0.803325177935943,0.8069175487123678,0.7998759760639875,0.9161954457996137,0.2305173873901367,64.92550539970398
unsw_nb15,ChiSquare,MLP,42,20,194,0.8969072164948454,0.7791555456702254,0.8488056245103538,0.7791555456702254,0.7821689610923064,0.778133959054776,0.949001407212652,0.2305173873901367,344.73106575012207
unsw_nb15,L1Logistic,LogisticRegression,42,45,194,0.768041237113402,0.7343379300118624,0.82259079344697,0.7343379300118624,0.7364488185079636,0.7340322681434934,0.9107357292493934,35.699087619781494,3.663021087646485
unsw_nb15,L1Logistic,LinearSVM,42,45,194,0.768041237113402,0.7378039739027283,0.8348330844257803,0.7378039739027283,0.7392227289687241,0.7376772115471256,,35.699087619781494,6.956836223602295
unsw_nb15,L1Logistic,DecisionTree,42,45,194,0.768041237113402,0.8144276393831554,0.8563534156625403,0.8144276393831554,0.8177767370550059,0.8116790346708509,0.9289147485881312,35.699087619781494,2.637359619140625
unsw_nb15,L1Logistic,RandomForest,42,45,194,0.768041237113402,0.8230464116251482,0.8688222084017833,0.8230464116251482,0.8261871452846615,0.8207527778422108,0.9605925744293936,35.699087619781494,17.976439952850342
unsw_nb15,L1Logistic,ExtraTrees,42,45,194,0.768041237113402,0.8156694839857651,0.8631997640826022,0.8156694839857651,0.8189073280730644,0.8134345956940641,0.952234612106051,35.699087619781494,7.494768857955933
unsw_nb15,L1Logistic,GradientBoosting,42,45,194,0.768041237113402,0.8008600237247924,0.8647861257344635,0.8008600237247924,0.8038530573484294,0.7996083274349545,0.959928428053173,35.699087619781494,63.180636167526245
unsw_nb15,L1Logistic,HistGradientBoosting,42,45,194,0.768041237113402,0.826438315539739,0.873268005927701,0.826438315539739,0.8295022077687472,0.8242678172168263,0.972605477123048,35.699087619781494,4.510759353637695
unsw_nb15,L1Logistic,XGBoost,42,45,194,0.768041237113402,0.8272538552787663,0.8688866763397562,0.8272538552787663,0.8303757564421985,0.8246600447654158,0.966673373784738,35.699087619781494,0.9372704029083252
unsw_nb15,L1Logistic,LightGBM,42,45,194,0.768041237113402,0.8265680604982206,0.8742301325779104,0.8265680604982206,0.8296151547716553,0.8244624260622804,0.9722883924976002,35.699087619781494,2.282059669494629
unsw_nb15,L1Logistic,CatBoost,42,45,194,0.768041237113402,0.8201734875444839,0.86949398569844,0.8201734875444839,0.8232982913225121,0.8181248699084651,0.9674303704109964,35.699087619781494,2.768174886703491
unsw_nb15,L1Logistic,KNN,42,45,194,0.768041237113402,0.7862544483985765,0.8330815050050379,0.7862544483985765,0.7900146615300482,0.7836388780074074,0.9050656716609188,35.699087619781494,80.97813200950623
unsw_nb15,L1Logistic,MLP,42,45,194,0.768041237113402,0.8006746737841044,0.8335126622546157,0.8006746737841044,0.8043162036554387,0.7966111228916848,0.9280392980858656,35.699087619781494,629.0389227867126
unsw_nb15,RFImportance,LogisticRegression,42,33,194,0.8298969072164948,0.7321878706998813,0.8267418056857166,0.7321878706998813,0.7337879165111452,0.7320267334076302,0.8877655613533885,16.573970556259155,2.364816427230835
unsw_nb15,RFImportance,LinearSVM,42,33,194,0.8298969072164948,0.7312981909845789,0.8306733614385133,0.7312981909845789,0.7324914490123531,0.7312136210421527,,16.573970556259155,1.6785292625427246
unsw_nb15,RFImportance,DecisionTree,42,33,194,0.8298969072164948,0.80894128113879,0.8458941114977129,0.80894128113879,0.812431748610999,0.8055722542309852,0.9134968116301376,16.573970556259155,3.1381406784057617
unsw_nb15,RFImportance,RandomForest,42,33,194,0.8298969072164948,0.8214338671411625,0.8680220195129741,0.8214338671411625,0.8245890795606937,0.819187188536964,0.959296066535085,16.573970556259155,22.215076684951782
unsw_nb15,RFImportance,ExtraTrees,42,33,194,0.8298969072164948,0.8116844602609727,0.8606406166085508,0.8116844602609727,0.8149613616815136,0.809522427505547,0.946382371027562,16.573970556259155,9.455564022064207
unsw_nb15,RFImportance,GradientBoosting,42,33,194,0.8298969072164948,0.7941318208778173,0.8608729928228473,0.7941318208778173,0.7971002884004607,0.7930025279825683,0.9580192238422648,16.573970556259155,74.44199228286743
unsw_nb15,RFImportance,HistGradientBoosting,42,33,194,0.8298969072164948,0.8207666073546857,0.869439791799684,0.8207666073546857,0.8238944062657417,0.8186753926200145,0.970547757520333,16.573970556259155,3.574017286300659
unsw_nb15,RFImportance,XGBoost,42,33,194,0.8298969072164948,0.8241399762752076,0.8690835236015364,0.8241399762752076,0.8272745670291116,0.8217911188919893,0.9667412155837358,16.573970556259155,0.8477048873901367
unsw_nb15,RFImportance,LightGBM,42,33,194,0.8298969072164948,0.8251779359430605,0.8726939961592172,0.8251779359430605,0.8282516958205651,0.8230459605396192,0.9713629435999384,16.573970556259155,2.652723550796509
unsw_nb15,RFImportance,CatBoost,42,33,194,0.8298969072164948,0.816151393831554,0.8657374485191172,0.816151393831554,0.8193388425093338,0.81408276908241,0.9646287776411598,16.573970556259155,3.002955436706543
unsw_nb15,RFImportance,KNN,42,33,194,0.8298969072164948,0.7768386714116251,0.8259583286248688,0.7768386714116251,0.780700271469682,0.7743535180212275,0.8917128577191574,16.573970556259155,72.11651158332825
unsw_nb15,RFImportance,MLP,42,33,194,0.8298969072164948,0.7822323546856464,0.823697782060599,0.7822323546856464,0.7861655964731793,0.7789817293205048,0.9233356387626688,16.573970556259155,663.3416571617126
unsw_nb15,PCA,LogisticRegression,42,24,194,0.8762886597938144,0.6829959964412812,0.7874373352261466,0.6829959964412812,0.6831446174593868,0.682995013566466,0.8180078557642299,0.1586241722106933,1.7608554363250732
unsw_nb15,PCA,LinearSVM,42,24,194,0.8762886597938144,0.6810683570581257,0.7980953114425593,0.6810683570581257,0.6796828385158025,0.6809934029249078,,0.1586241722106933,0.6687183380126953
unsw_nb15,PCA,DecisionTree,42,24,194,0.8762886597938144,0.7785994958481613,0.8288519464829297,0.7785994958481613,0.7823990765260314,0.7762375943457016,0.8757478424805176,0.1586241722106933,7.48886775970459
unsw_nb15,PCA,RandomForest,42,24,194,0.8762886597938144,0.783492734282325,0.8441537054365325,0.783492734282325,0.7868510672377147,0.7819739461636026,0.9287844237853008,0.1586241722106933,54.74897837638855
unsw_nb15,PCA,ExtraTrees,42,24,194,0.8762886597938144,0.7823250296559905,0.8426810837462458,0.7823250296559905,0.7857119608042923,0.7807809273362654,0.9239847058934796,0.1586241722106933,11.538182020187378
unsw_nb15,PCA,GradientBoosting,42,24,194,0.8762886597938144,0.7583778173190985,0.838101820680446,0.7583778173190985,0.7610109975521806,0.7577765610783131,0.9211688267045386,0.1586241722106933,159.24681854248047
unsw_nb15,PCA,HistGradientBoosting,42,24,194,0.8762886597938144,0.7714820581257414,0.8462575592606265,0.7714820581257414,0.7743072879366718,0.7706859048087529,0.9332657837918752,0.1586241722106933,3.8269858360290527
unsw_nb15,PCA,XGBoost,42,24,194,0.8762886597938144,0.7879225978647687,0.8463845836863965,0.7879225978647687,0.7913017225168092,0.7862799195909607,0.9355374399112428,0.1586241722106933,0.7488348484039307
unsw_nb15,PCA,LightGBM,42,24,194,0.8762886597938144,0.7715376631079478,0.8466118022230164,0.7715376631079478,0.7743460499536982,0.7707542160788043,0.9332606019206005,0.1586241722106933,2.2641258239746094
unsw_nb15,PCA,CatBoost,42,24,194,0.8762886597938144,0.7717600830367735,0.8454154461526281,0.7717600830367735,0.7746435949907996,0.7709154491704117,0.9317550491961232,0.1586241722106933,1.1966023445129397
unsw_nb15,PCA,KNN,42,24,194,0.8762886597938144,0.7833444543297746,0.8302080143844572,0.7833444543297746,0.7871539523593113,0.7807014114776081,0.8992612052147818,0.1586241722106933,66.94634103775024
unsw_nb15,PCA,MLP,42,24,194,0.8762886597938144,0.8099977758007118,0.8513229696285591,0.8099977758007118,0.8134336924684962,0.8071262968843699,0.9436756183463328,0.1586241722106933,539.2017424106598
unsw_nb15,GA,LogisticRegression,42,35,194,0.8195876288659794,0.6594750889679716,0.7509229576254852,0.6594750889679716,0.6608705157826855,0.6593848824635304,0.7399484311422789,,
unsw_nb15,GA,LinearSVM,42,35,194,0.8195876288659794,0.6549340154211151,0.7423772730833625,0.6549340154211151,0.6567968770917856,0.6547680317383251,,,
unsw_nb15,GA,DecisionTree,42,35,194,0.8195876288659794,0.8118142052194544,0.8591340751434304,0.8118142052194544,0.8151227442629488,0.8095200420063695,0.944916435929783,,
unsw_nb15,GA,RandomForest,42,35,194,0.8195876288659794,0.8209890272835113,0.8626117201981874,0.8209890272835113,0.8242237538323293,0.8183044744225713,0.948767701857086,,
unsw_nb15,GA,ExtraTrees,42,35,194,0.8195876288659794,0.8178751482799526,0.8577707517826004,0.8178751482799526,0.8211834419857479,0.81497556150485,0.9281011259531158,,
unsw_nb15,GA,GradientBoosting,42,35,194,0.8195876288659794,0.7903506820877817,0.8560206610645429,0.7903506820877817,0.7934114883499882,0.7891537434195884,0.9554529020933866,,
unsw_nb15,GA,HistGradientBoosting,42,35,194,0.8195876288659794,0.8246404211150652,0.8727137693654059,0.8246404211150652,0.8277132647525077,0.8225447967988706,0.9723679764169072,,
unsw_nb15,GA,XGBoost,42,35,194,0.8195876288659794,0.8271982502965599,0.8678315090870597,0.8271982502965599,0.8303311178417822,0.8245120729215621,0.9676114967992706,,
unsw_nb15,GA,LightGBM,42,35,194,0.8195876288659794,0.8228981316725978,0.87155953540799,0.8228981316725978,0.8259896780264303,0.8208281770131041,0.9730237651750286,,
unsw_nb15,GA,CatBoost,42,35,194,0.8195876288659794,0.8151690391459074,0.8665845894021538,0.8151690391459074,0.818331546216811,0.8132266285738924,0.9691149560477528,,
unsw_nb15,GA,KNN,42,35,194,0.8195876288659794,0.8126297449584816,0.8517598760228258,0.8126297449584816,0.8160396502251606,0.809568035819572,0.9097155498226884,,
unsw_nb15,GA,MLP,42,35,194,0.8195876288659794,0.7723346678529063,0.8372648295439311,0.7723346678529063,0.7756544386755257,0.7710400114819203,0.9470486723219655,,
